{
  "train_losses": [
    0.3518554311990738,
    0.2925465047359467,
    0.26928978025913236,
    0.24201100289821625,
    0.2389786559343338,
    0.24089691400527954,
    0.2460999482870102,
    0.2352708387374878
  ],
  "val_losses": [
    0.3340366578102112,
    0.5326404976844787,
    0.2717663252353668,
    0.332494832277298,
    0.2669003140926361,
    0.29117887020111083,
    0.2677754378318787,
    0.3005888384580612
  ],
  "train_accuracies": [
    90.125,
    95.0,
    95.75,
    98.125,
    98.5,
    98.0,
    98.375,
    98.375
  ],
  "val_accuracies": [
    95.5,
    80.5,
    96.5,
    94.0,
    95.5,
    95.0,
    94.5,
    95.0
  ]
}