{
  "healthy": {
    "precision": 0.9647058823529412,
    "recall": 0.9425287356321839,
    "f1-score": 0.9534883720930233,
    "support": 87.0
  },
  "rotten": {
    "precision": 0.9565217391304348,
    "recall": 0.9734513274336283,
    "f1-score": 0.9649122807017544,
    "support": 113.0
  },
  "accuracy": 0.96,
  "macro avg": {
    "precision": 0.960613810741688,
    "recall": 0.9579900315329061,
    "f1-score": 0.9592003263973888,
    "support": 200.0
  },
  "weighted avg": {
    "precision": 0.9600818414322251,
    "recall": 0.96,
    "f1-score": 0.9599428804569564,
    "support": 200.0
  }
}