{
  "mae": 0.9471608440081278,
  "mse": 2.4912549969933138,
  "rmse": 1.5783709947263076,
  "r2": 0.9795545967190455
}