{
  "train_losses": [
    230.54068094889323,
    223.6113250732422,
    214.13604431152345,
    200.60037638346355,
    181.88174947102866,
    156.33840738932292,
    124.53054809570312,
    92.97548700968424,
    65.10872611999511,
    38.15219268798828,
    25.864761861165366,
    15.460761578877767,
    13.114813741048177,
    11.646454207102458,
    13.002813625335694,
    14.533502006530762,
    11.318934154510497,
    9.5590269724528,
    9.828650442759196,
    11.798323408762615,
    13.27623306910197,
    12.627370802561442,
    11.763539346059163,
    12.384441884358724,
    9.35958553949992
  ],
  "val_losses": [
    228.34695231119792,
    221.63787434895832,
    212.6436024983724,
    191.9137736002604,
    171.61607360839844,
    154.41134948730468,
    121.33690592447917,
    56.049685668945315,
    41.3113644917806,
    19.32626584370931,
    8.874141502380372,
    6.466245810190837,
    3.5497365951538087,
    3.543666458129883,
    2.869179042180379,
    2.5808763027191164,
    2.952977927525838,
    2.49125493367513,
    2.7236330191294353,
    2.894523572921753,
    3.0945451577504475,
    2.6430444717407227,
    2.661303917566935,
    2.8345156351725262,
    2.8256325244903566
  ],
  "train_maes": [
    10.546156851450602,
    10.436739635467529,
    10.236566098531087,
    9.885285313924154,
    9.377630678812663,
    8.663311386108399,
    7.686889012654622,
    6.531492487589518,
    5.298738940556844,
    3.881845251719157,
    3.0073724667231243,
    2.2652257760365804,
    2.068204061190287,
    1.9373915195465088,
    2.0520808060963946,
    2.1933292309443155,
    1.8955851554870606,
    1.7536088943481445,
    1.7802793661753336,
    1.9576971213022867,
    2.046796377499898,
    1.9921283801396688,
    1.9283610820770263,
    1.9909572760264078,
    1.7249472618103028
  ],
  "val_maes": [
    10.566294924418132,
    10.414209493001302,
    10.13738276163737,
    9.607881100972493,
    9.085342979431152,
    8.611389605204264,
    7.599242560068766,
    5.08777707417806,
    4.297380447387695,
    2.8152275244394938,
    1.7866404453913372,
    1.4853250503540039,
    1.0746744394302368,
    1.1060407598813375,
    1.0268624583880106,
    0.9463188290596009,
    1.0244936148325603,
    0.9471608678499858,
    0.9868804017702738,
    1.022668969631195,
    1.0609164555867514,
    0.9490841587384542,
    0.949526059627533,
    1.012867764631907,
    1.006621742248535
  ]
}