{
  "train_losses": [
    0.34034045338630675,
    0.25624159336090085,
    0.3422266608476639,
    0.24943249464035033,
    0.24422717750072478,
    0.23673857867717743,
    0.23666986107826232,
    0.24135510981082917,
    0.2245679295063019,
    0.2313937145471573
  ],
  "val_losses": [
    0.24268949151039124,
    0.23240037143230438,
    0.24232306480407714,
    0.20555352330207824,
    0.24688989758491517,
    0.21301199674606322,
    0.2591139686107635,
    0.2465389096736908,
    0.2045784616470337,
    0.2155415791273117
  ],
  "train_accuracies": [
    93.0,
    97.0,
    93.0,
    97.875,
    97.875,
    98.5,
    98.75,
    97.875,
    98.875,
    98.375
  ],
  "val_accuracies": [
    98.5,
    98.5,
    98.5,
    100.0,
    98.0,
    99.0,
    97.0,
    97.0,
    99.5,
    99.5
  ]
}