{
  "train_losses": [
    0.7537061121728685,
    0.5014595237043169,
    0.48060533073213363,
    0.4672636800342136,
    0.456498122215271,
    0.45668586956130136,
    0.45509134199884205,
    0.4545968598789639,
    0.44796197480625577,
    0.4459686021010081
  ],
  "val_losses": [
    0.4999781310558319,
    0.4863783597946167,
    0.4525778227382236,
    0.46908319128884207,
    0.44263991514841716,
    0.4328418367438846,
    0.4453001399834951,
    0.43074416319529213,
    0.42879651519987316,
    0.4262978533903758
  ],
  "train_accuracies": [
    91.25,
    98.81944444444444,
    99.375,
    99.44444444444444,
    99.79166666666667,
    99.79166666666667,
    99.58333333333333,
    99.72222222222223,
    99.86111111111111,
    99.79166666666667
  ],
  "val_accuracies": [
    98.61111111111111,
    99.44444444444444,
    99.72222222222223,
    99.16666666666667,
    100.0,
    100.0,
    99.72222222222223,
    100.0,
    100.0,
    100.0
  ]
}